<?xml version="1.0" encoding="utf-8"?>
<!DOCTYPE html PUBLIC "-//W3C//DTD XHTML 1.0 Transitional//EN"
"http://www.w3.org/TR/xhtml1/DTD/xhtml1-transitional.dtd">
<html xmlns="http://www.w3.org/1999/xhtml" xml:lang="ja" lang="ja">
<head>
<meta http-equiv="content-type" content="text/html; charset=utf-8" />
<meta http-equiv="content-script-type" content="text/javascript" />
<meta http-equiv="content-style-type" content="text/css" />
<meta name="robots" content="ALL" />
<meta name="verify-v1" content="Q1HRMMGlj7i4/JF/Xict0/YyLIwlZeR6MlCGBPGXj68=" />
<link rel="alternate" type="application/rss+xml" title="ROR" href="http://shop.maus.jp/ror.xml" />
<link rel="shortcut icon" type="image/x-icon" href="http://maus.jp/img/maus.ico" />
<link rel="icon" type="image/x-icon" href="http://maus.jp/img/maus.ico" />
<meta name="keywords" content="だいすき！マウス, Die Maus,Maus,マウス,Duck,エンテ,Elephant,エレファント,グッズ,ドイツ" />
<meta name="description" content="ドイツ生まれの人気キャラクター「Die Maus（マウス）」の日本語サイトです。" />
<script type="text/javascript">
url="http://www.cospa.com";
sid="gp8qsera6d9fgblsdc4u8uvq91";
siteid="013";
url_site="https://www.geestore.com/project_cospa/_maus/shop";
</script>
<script type="text/javascript" src="http://www.cospa.com/js/common.js"></script>
<script type="text/javascript" src="http://maus.jp/js/lib/jquery.js"></script>
<script type="text/javascript" src="http://maus.jp/js/lib/jquery_auto_j.js"></script>
<link rel="stylesheet" type="text/css" href="http://shop.maus.jp/css/siteid/013/file/maus_base" />
<link rel="stylesheet" type="text/css" href="http://shop.maus.jp/css/siteid/013/file/maus_index" />
<title>マウスキャラクター｜だいすき！マウス</title>
</head>

<body>

<a name="top" id="top">&nbsp;</a>
<!-- container -->
<div id="container">

<!-- inner -->
<div id="inner">

<!-- head -->
<div id="head">
<table width="770" height="136" border="0" align="center" cellpadding="0" cellspacing="0">
  <tr>
<td><a href="http://shop.maus.jp"><img src="http://maus.jp/img/logo_shop.jpg" alt="Maus shop マウスオンラインショップ Powered by Gee!STORE　TOPへ戻る" width="238" height="136" border="0" /></a></td>
<td><img src="http://maus.jp/img/topimg_shop.jpg" width="220" height="136" /></td>
<td><table width="244" height="136" border="0" cellpadding="0" cellspacing="0">
  <tr>
<td colspan="3"><img src="http://maus.jp/img/toumei.gif" width="244" height="14" /></td>
  </tr>
  <tr>
<td><a href="http://maus.jp/about"><img src="http://maus.jp/img/headmenu_about.jpg" alt="マウスってなぁに？" width="119" height="20" border="0" class="Hover"></a></td>
<td><img src="http://maus.jp/img/toumei.gif" width="6" height="20" /></td>
<td><a href="http://blog.maus.jp/"><img src="http://maus.jp/img/headmenu_blog.jpg" alt="マウスブログ" width="119" height="20" border="0" class="Hover" /></a></td>
  </tr>
  <tr>
<td colspan="3"><img src="http://maus.jp/img/toumei.gif" width="244" height="12" /></td>
  </tr>
  <tr>
<td><a href="http://shop.maus.jp/"><img src="http://maus.jp/img/headmenu_shop.jpg" alt="オンラインショップ" width="119" height="20" border="0" class="Hover" /></a></td>
<td><img src="http://maus.jp/img/toumei.gif" width="6" height="20" /></td>
<td><a href="http://maus.jp/shoplist"><img src="http://maus.jp/img/headmenu_shoplist.jpg" alt="ショップ一覧" width="119" height="20" border="0" class="Hover" /></a></td>
  </tr>
  <tr>
<td colspan="3"><img src="http://maus.jp/img/toumei.gif" width="244" height="12" /></td>
  </tr>
  <tr>
<td><a href="http://maus.jp/download"><img src="http://maus.jp/img/headmenu_download.jpg" alt="ダウンロード" width="119" height="20" border="0" class="Hover" /></a></td>
<td><img src="http://maus.jp/img/toumei.gif" width="6" height="20" /></td>
<td><a href="http://maus.jp/game"><img src="http://maus.jp/img/headmenu_game.jpg" alt="マウスと遊ぶ" width="119" height="20" border="0" class="Hover" /></a></td>
  </tr>
  <tr>
<td colspan="3"><img src="http://maus.jp/img/menu_04_shop.jpg" width="244" height="38" /></td>
  </tr>
</table></td>
<td><a href="http://maus.jp"><img src="http://maus.jp/img/home_shop.jpg" alt="maus.jp　HOMEへ戻る" width="68" height="136" border="0" /></a></td>
  </tr>
</table>
</div>
<!-- //head -->

<!-- //sub_head -->
<div id="sub_head">
<div class="info_space">
<img src="http://shop.maus.jp/pub/head_icon.gif" align="left"  />　ドイツ生まれの人気キャラクター、<a href="http://www.maus.jp" target="_blank" title="Maus ホームページへ">マウス</a> のオフィシャルオンラインショップです。<br />　ご注文の諸連絡および商品の発送は<a href="http://geestore.com/" target="_blank">ジーストア・ドット・コム</a>から行われます。</div>
<!-- <div class="banner_space"><a href="http://shop.maus.jp/event/id/2068"><img src="http://shop.maus.jp/pub/gw_geetomaus.jpg" alt="ゴールデンウィーク、物流倉庫棚卸に伴う発送業務のお知らせ" onmouseover="this.src='http://shop.maus.jp/pub/gw_geetomaus_on.jpg'" onmouseout="this.src='http://shop.maus.jp/pub/gw_geetomaus.jpg'" width="303" height="24" /></a></div> -->
<ul id="menus">

<li><a href="http://shop.maus.jp/qa"><img src="http://shop.maus.jp/pub/btn_hajimete.gif" id="menu1" name="menu1" width="120" height="18" alt="初めての方はこちら" style="border-bottom:3px solid #FFCC00;" onmouseover="this.style.borderBottom='3px solid #FF6600'" onmouseout="this.style.borderBottom='3px solid #FFCC00'" /></a></li>

<li><a href="https://www.geestore.com/project_cospa/_maus/shop/inquiry"><img src="http://shop.maus.jp/pub/btn_toiawase.gif" id="menu3" name="menu3" width="120" height="18" alt="お問い合わせ" style="border-bottom:3px solid #FFCC00;" onmouseover="this.style.borderBottom='3px solid #FF6600'" onmouseout="this.style.borderBottom='3px solid #FFCC00'" /></a></li>

<li><a href="http://shop.maus.jp/magazine_index"><img src="http://shop.maus.jp/pub/btn_mailmaga.gif" id="menu4" name="menu4" width="120" height="18" alt="メルマガ登録" style="border-bottom:3px solid #FFCC00;" onmouseover="this.style.borderBottom='3px solid #FF6600'" onmouseout="this.style.borderBottom='3px solid #FFCC00'" /></a></li>

<li><a href="http://shop.maus.jp/staticdoc/p/info_member"><img src="http://shop.maus.jp/pub/btn_member.gif" id="menu6" name="menu6" width="120" height="18" alt="新規会員登録" style="border-bottom:3px solid #FFCC00;" onmouseover="this.style.borderBottom='3px solid #FF6600'" onmouseout="this.style.borderBottom='3px solid #FFCC00'" /></a></li>
<li><a href="https://www.geestore.com/project_cospa/_maus/shop/member_login_form"><img src="http://shop.maus.jp/pub/btn_login.gif" id="menu2" name="menu2" width="120" height="18" alt="ログイン" style="border-bottom:3px solid #FFCC00;" onmouseover="this.style.borderBottom='3px solid #FF6600'" onmouseout="this.style.borderBottom='3px solid #FFCC00'" /></a></li>
<li>
<form name="OpenCartForm"
action="https://www.geestore.com/project_cospa/_maus/shop/index.php/"
method="post">
<input type="hidden" name="__siteid" value="013" />
<input type="hidden" name="act" value="cart_list" />
<input type="hidden" name="rand" value="dYNuuS3U2gyXZru4" />
<input type="hidden" name="__sid" value="gp8qsera6d9fgblsdc4u8uvq91" />
</form>
<form name="OpenMemberForm"
action="https://www.geestore.com/project_cospa/_maus/shop/index.php/"
method="post">
<input type="hidden" name="__siteid" value="013" />
<input type="hidden" name="act" value="member_index" />
<input type="hidden" name="rand" value="dYNuuS3U2gyXZru4" />
<input type="hidden" name="__sid" value="gp8qsera6d9fgblsdc4u8uvq91" />
</form>
<a href="javascript:opencart2()">
<img src="http://shop.maus.jp/pub/btn_cart.gif" id="menu6" name="menu6" width="120" height="18" alt="カートの中を見る" style="border-bottom:3px solid #FFCC00;" onmouseover="this.style.borderBottom='3px solid #FF6600'" onmouseout="this.style.borderBottom='3px solid #FFCC00'" />
</a>
</li>
</ul>

</div>
<!-- //sub_head -->



<!-- contents left -->
<div id="contents_left">


<div class="inner">




<div class="side">


<!-- contents_right -->
<div id="contents_right">

<!-- Link Banners8 -->
<!-- //Link Banners8 -->

<!-- Link Banners7 -->
<!-- //Link Banners7 -->

<!-- Link Banners10 -->
<!--<div style="margin-top:10px;margin-bottom:5px;margin-left:10px;"><img src="http://www.cospa.com/img/geestore/base/campaign.jpg" width="224" height="32" alt="キャンペーン" /></div>-->
<div id="banners">
<div style="text-align:center;">
<a href="http://shop.maus.jp/event/id/14862#maus_postcard"><img src="http://www.cospa.com/images/freespaces/1437.jpg?gp8qs.." alt="マウス™ポストカードプレゼントキャンペーン2017" style="width:100%;" /></a>
</div>
<div style="text-align:center;">
<a href="http://shop.maus.jp/event/id/8584"><img src="http://www.cospa.com/images/freespaces/1004.jpg?gp8qs.." alt="iCloudメールをご利用のお客様へ" style="width:100%;" /></a>
</div>
<div style="text-align:center;">
<a href="￥15,000＋税以上ご購入で送料無料！"><img src="http://www.cospa.com/images/freespaces/752.jpg?gp8qs.." alt="合計￥8,000以上のご購入で送料無料！" style="width:100%;" /></a>
</div>
</div>
<!-- //Link Banners10 -->

<!-- pickup
<div>
<div style="border:2px solid #cccccc; padding:5px; margin-bottom:5px;"><a href="http://shop.maus.jp/detail/id/00000050407"><img src="http://www.cospa.com/images/items/pc/89581.jpg" width="70" height="80" title="Mausぬいぐるみパスケース" alt="マウスキャラクターマウス オンラインショップ一押しキャラクターだいすき！マウス画像" class="img" /></a><br />
<p style="padding:8px 0;margin:0;">ドイツの国営放送のTV教育番組のキャラクター「Maus(TM)」のぬいぐるみパスケース！&lt;br /&gt;ふわふわ..</p></div>
</div>
//pickup -->

</div>
<!-- //contents_right -->


<div><img src="http://shop.maus.jp/pub/left_search.gif" width="160" height="34" border=0 alt="商品をさがす"></div>
<div class="sidecontents" style="margin:5px 5px; padding:5px 0; background-color:#fff;">
<!-- search -->
<form action="http://shop.maus.jp/index.php" method="GET" name="searchform" style="margin:5px; background-color:#fff;" >
<div >
<input type="hidden" name="act" value="itemlist" />
<input type="hidden" name="itemp_shop_id" value="7" />
<input type="hidden" name="stock" value="1" />
<!--<input type="hidden" name="searchwords" value="1" />-->
<input type="text" name="words" size="25" value="" tabindex="1" accesskey="s" style="width: 100%;" /><br />
<!--
<select name="itemp_itype_id" style="width:132px; padding-top:-7px;">
<option value="">全ての商品から</option>
<option value="055">ぬいぐるみ</option>
<option value="009">Tシャツ</option>
<option value="075">本・コミック</option>
<option value="073">CD・DVD</option>
<option value="089">ポストカード</option>
</select>
-->
<input type="image" src="http://shop.maus.jp/pub/left_search_btn.gif" alt="商品を探す" style="width: 42px; height: 19px; margin:2px 0 -5px 0; border: 0px;" />
<!--<input type="submit" class="submit" value="検索" tabindex="3" accesskey="f" /><br />-->
</div>
</form>
<!-- //search -->
</div>


<div><img src="http://shop.maus.jp/pub/left_category.gif" width="160" height="25" border=0 alt="カテゴリー"></div>
<div class="sidecontents" style="margin:5px 5px; padding:5px 0; background-color:#fff;">

<div class="list" style="margin:0 5px; background-color:#fff;">
<ul>
<!--<li>
<div style="margin:0px 0px 0px 0px;"><img src="http://shop.maus.jp/pub/ca_calendar.jpg" align="absmiddle" style="margin:2px 5px;"/><a href="http://shop.maus.jp?act=itemlist&itemp_shop_id=7&words=%a5%ab%a5%ec%a5%f3%a5%c0%a1%bc">カレンダー</a></div>
<div><img src="http://shop.maus.jp/pub/left_dot.gif" width="129" height="1" border=0 alt=""></div>
</li>
<li>
<div style="margin:0px 0px 0px 0px;"><img src="http://shop.maus.jp/pub/ca_cd.jpg" align="absmiddle" style="margin:2px 5px;"/><a href="http://shop.maus.jp?act=itemlist&itemp_shop_id=7&words=CD%a1%a6DVD">CD・DVD</a></div>
<div><img src="http://shop.maus.jp/pub/left_dot.gif" width="129" height="1" border=0 alt=""></div>
</li>
-->
<li>
<div style="margin:0px 0px 0px 0px;"><img src="http://shop.maus.jp/pub/ca_nuigurumi.jpg" align="absmiddle" style="margin:2px 5px;"/><a href="http://shop.maus.jp?act=itemlist&itemp_shop_id=7&words=ぬいぐるみ">ぬいぐるみ</a></div>
<div><img src="http://shop.maus.jp/pub/left_dot.gif" width="129" height="1" border=0 alt=""></div>
</li>
<li>
<div style="margin:0px 0px 0px 0px;"><img src="http://shop.maus.jp/pub/ca_toy.jpg" align="absmiddle" style="margin:2px 5px;"/><a href="http://shop.maus.jp?act=itemlist&itemp_shop_id=7&words=おもちゃ・玩具">おもちゃ・玩具</a></div>
<div><img src="http://shop.maus.jp/pub/left_dot.gif" width="129" height="1" border=0 alt=""></div>
</li>
<li>
<div style="margin:0px 0px 0px 0px;"><img src="http://shop.maus.jp/pub/ca_book.jpg" align="absmiddle" style="margin:2px 5px;"/><a href="http://shop.maus.jp?act=itemlist&itemp_shop_id=7&words=本・コミック">本・コミック</a></div>
<div><img src="http://shop.maus.jp/pub/left_dot.gif" width="129" height="1" border=0 alt=""></div>
</li>
<li>
<div style="margin:0px 0px 0px 0px;"><img src="http://shop.maus.jp/pub/ca_stationery.jpg" align="absmiddle" style="margin:2px 5px;"/><a href="http://shop.maus.jp?act=itemlist&itemp_shop_id=7&words=ステーショナリー">ステーショナリー</a></div>
<div><img src="http://shop.maus.jp/pub/left_dot.gif" width="129" height="1" border=0 alt=""></div>
</li>
<li>
<div style="margin:0px 0px 0px 0px;"><img src="http://shop.maus.jp/pub/ca_postcard.jpg" align="absmiddle" style="margin:2px 5px;"/><a href="http://shop.maus.jp?act=itemlist&itemp_shop_id=7&words=ポストカード">ポストカード</a></div>
<div><img src="http://shop.maus.jp/pub/left_dot.gif" width="129" height="1" border=0 alt=""></div>
</li>
<li>
<div style="margin:0px 0px 0px 0px;"><img src="http://shop.maus.jp/pub/ca_seal.jpg" align="absmiddle" style="margin:2px 5px;"/><a href="http://shop.maus.jp?act=itemlist&itemp_shop_id=7&words=シール">シール</a></div>
<div><img src="http://shop.maus.jp/pub/left_dot.gif" width="129" height="1" border=0 alt=""></div>
</li>
<li>
<div style="margin:0px 0px 0px 0px;"><img src="http://shop.maus.jp/pub/ca_strap.jpg" align="absmiddle" style="margin:2px 5px;"/><a href="http://shop.maus.jp?act=itemlist&itemp_shop_id=7&words=ストラップ">ストラップ</a></div>
<div><img src="http://shop.maus.jp/pub/left_dot.gif" width="129" height="1" border=0 alt=""></div>
</li>
<li>
<div style="margin:0px 0px 0px 0px;"><img src="http://shop.maus.jp/pub/ca_accessory.jpg" align="absmiddle" style="margin:2px 5px;"/><a href="http://shop.maus.jp?act=itemlist&itemp_shop_id=7&words=アクセサリー">アクセサリー</a></div>
<div><img src="http://shop.maus.jp/pub/left_dot.gif" width="129" height="1" border=0 alt=""></div>
</li>
<li>
<div style="margin:0px 0px 0px 0px;"><img src="http://shop.maus.jp/pub/ca_seikatsuzakka.jpg" align="absmiddle" style="margin:2px 5px;"/><a href="http://shop.maus.jp?act=itemlist&itemp_shop_id=7&words=生活雑貨">生活雑貨</a></div>
<div><img src="http://shop.maus.jp/pub/left_dot.gif" width="129" height="1" border=0 alt=""></div>
</li>
<li>
<div style="margin:0px 0px 0px 0px;"><img src="http://shop.maus.jp/pub/ca_dish.jpg" align="absmiddle" style="margin:2px 5px;"/><a href="http://shop.maus.jp?act=itemlist&itemp_shop_id=7&words=食器">食器</a></div>
<div><img src="http://shop.maus.jp/pub/left_dot.gif" width="129" height="1" border=0 alt=""></div>
</li>
<li>
<div style="margin:0px 0px 0px 0px;"><img src="http://shop.maus.jp/pub/ca_mug.jpg" align="absmiddle" style="margin:2px 5px;"/><a href="http://shop.maus.jp?act=itemlist&itemp_shop_id=7&words=マグカップ">マグカップ</a></div>
<div><img src="http://shop.maus.jp/pub/left_dot.gif" width="129" height="1" border=0 alt=""></div>
</li>
<li>
<div style="margin:0px 0px 0px 0px;"><img src="http://shop.maus.jp/pub/ca_wear.jpg" align="absmiddle" style="margin:2px 5px;"/><a href="http://shop.maus.jp?act=itemlist&itemp_shop_id=7&words=Tシャツ・服">Tシャツ・服</a></div>
<div><img src="http://shop.maus.jp/pub/left_dot.gif" width="129" height="1" border=0 alt=""></div>
</li>
<li>
<div style="margin:0px 0px 0px 0px;"><img src="http://shop.maus.jp/pub/ca_bag.jpg" align="absmiddle" style="margin:2px 5px;"/><a href="http://shop.maus.jp?act=itemlist&itemp_shop_id=7&words=バッグ・ポーチ">バッグ・ポーチ</a></div>
<div><img src="http://shop.maus.jp/pub/left_dot.gif" width="129" height="1" border=0 alt=""></div>
</li>

</ul>
</div>

</div>

<!--
<div><img src="http://shop.maus.jp/pub/left_ranking.gif" width="160" height="41" border=0 alt="人気ランキング"></div>
<div class="sidecontents" style="margin:5px 5px; padding:5px 0; background-color:#fff;">

<div class="read" style="margin:0 5px; background-color:#fff;">
<ul>
<li><a href="http://shop.maus.jp/detail/id/0000021380">マウス ミニ（ドイツ製）</a>
<div><img src="http://shop.maus.jp/pub/left_dot.gif" width="129" height="1" border=0 alt=""></div></li>
<li><a href="http://shop.maus.jp/detail/id/0000022117">マウス かぶりぐるみ</a>
<div><img src="http://shop.maus.jp/pub/left_dot.gif" width="129" height="1" border=0 alt=""></div></li>
<li><a href="http://shop.maus.jp/detail/id/0000021377">マウス L（ドイツ製）</a>
<div><img src="http://shop.maus.jp/pub/left_dot.gif" width="129" height="1" border=0 alt=""></div></li>
<li><a href="http://shop.maus.jp/detail/id/0000021999">マウス 鍋つかみ</a>
<div><img src="http://shop.maus.jp/pub/left_dot.gif" width="129" height="1" border=0 alt=""></div></li>
<li><a href="http://shop.maus.jp/detail/id/0000026113">マウス アイロンビーズ</a>
<div><img src="http://shop.maus.jp/pub/left_dot.gif" width="129" height="1" border=0 alt=""></div></li>
</ul>
</div>
</div>
-->

<div><img src="http://shop.maus.jp/pub/left_cart.gif" width="160" height="33" border=0 alt="ショッピングカート"></div>
<div class="sidecontents" style="margin:5px 5px; padding:5px 0; background-color:#fff;">
<div class="cart" style="margin:0 5px; background-color:#fff;">
<ul>
<li>
<a href="javascript:opencart2()"><img src="http://shop.maus.jp/pub/left_cart_btn.gif" width="136" height="39" alt="買い物カゴの中身を見る" /></a>
</li>
<li>
￥15,000＋税以上のご購入で送料無料!!
</li>
</ul>
</div>
</div>


<div><img src="http://shop.maus.jp/pub/left_read.gif" width="160" height="34" border=0 alt="お読みください"></div>
<div class="sidecontents" style="margin:5px 5px; padding:5px 0; background-color:#fff;">
<div class="read" style="margin:0 5px; background-color:#fff;">
<ul>
<li><a href="http://shop.maus.jp/staticdoc/p/company_index">特定商取引法に基づく表記</a></li>
<li><a href="http://shop.maus.jp/qa_detail/id/111">支払い方法について</a></li>
<li><a href="http://shop.maus.jp/qa_detail/id/129">配送方法･送料について</a> </li>
<li><a href="http://shop.maus.jp/staticdoc/p/company_privacy">プライバシーポリシー</a></li>
<!--<li><a href="shop/staticdoc/p/info_index">マウスグッズの販売を希望される販売店様へ</a></li>-->
</ul>
</div>
</div>


<div><img src="http://shop.maus.jp/pub/left_mailmagazine.gif" width="160" height="31" border=0 alt="メルマガ登録"></div>
<div class="sidecontents" style="margin:5px 5px; padding:5px 0; background-color:#fff;">
<div class="freespace" style="margin:0 5px; background-color:#fff;">
<a href="http://shop.maus.jp/magazine_index">メルマガ登録・解除はこちら</a>
</div>
</div>


<div><img src="http://shop.maus.jp/pub/left_blog.gif" width="160" height="27" border=0 alt="マウスブログ"></div>
<div class="sidecontents" style="margin:5px 5px; padding:5px 0; background-color:#fff;">
<div class="blog" style="margin:0 5px; background-color:#fff;">
<a href="http://blog.maus.jp"><img src="http://shop.maus.jp/pub/PA01002103_m.gif" class="owner_photo" /></a><br /><a href="http://blog.maus.jp">最新情報はこちらでも</a>
</div>
</div>


<!--携帯サイトQRコード-->
<div class="sidecontents" style="margin:5px 5px; padding:5px 0; background-color:#fff;">
<div class="freespace" style="margin:0 5px; background-color:#fff;">
<div><img src="http://shop.maus.jp/pub/maus_mobqr.jpg" width="99" height="99" border=0 alt="携帯サイトQRコード"></div>
携帯サイトはこちら
</div>
</div>
</div>
<!--/携帯サイトQRコード-->

<!--<div id="freespace_left">
バナーなどを貼る場合はこのエリアを利用できます
</div>-->

</div>

</div>
<!-- end of contents left -->

<div id="contents_body">

<!-- att_topic -->
<!-- <p style="margin:0 0 5px 0;line-height:1.5;padding:7px 7px;border:2px solid #999999;color:#600;"><a href="http://shop.maus.jp/event/id/1914"><strong style="color:#c00;">弊社サービスをご利用の皆様へ東日本大地震に伴うお知らせ</strong></a></p> -->
<!-- /att_topic -->



<!-- newtopic -->
<div id="newtopic">

<div class="inner">

<!--



<a href="http://blog.maus.jp/?p=577" style="display:block; background:#fff url('http://www.cospa.com/images/topimages/013.jpg') no-repeat top left; text-decoration:none; height:200px; margin-bottom:10px;">&nbsp;</a>


-->


<!-- 新着イベント -->

<div class="newsevent">


<h1 style="border:none;padding:0;font-size:0;"><a href="http://shop.maus.jp/event/id/11095">
<img src="http://www.cospa.com/images/events/pc/19927.jpg" class="img" alt="MausTMの新商品が続々登場！｜キャラクターマウス オンラインショップニュース速報画像" title="MausTMの新商品が続々登場！" />
</a></h1>

</div>
<!-- //新着イベント -->


</div>

</div>
<!-- //newtopic -->


<!-- contents_bottom -->
<div id="contents_bottom">

<div class="inner">
<div id="newlineup">

<!--<h2><em>キャラクターの</em> マウス オンラインショップ取扱中の新着アイテム</h2>-->
<h3><img src="http://img03.shop-pro.jp/PA01002/103/etc/center_newarrival.gif" width="595" height="36" border=0 alt="New Arrival"></h3>
<div>
<a href="http://shop.maus.jp/detail/id/00000088981"><img src="http://www.cospa.com/images/items/pc/201810/OFhbjYcyG7sb.jpg" width="70" height="80" alt="キャラクターマウス オンラインショップ新着マウス画像" title="マウス(TM)とバイオリン Tシャツ" class="img" /></a>
</div>
<div>
<a href="http://shop.maus.jp/detail/id/00000082683"><img src="http://www.cospa.com/images/items/pc/182921.jpg" width="70" height="80" alt="キャラクターマウス オンラインショップ新着マウス画像" title="Maus キャラクター湯たんぽ エレファント" class="img" /></a>
</div>
<div>
<a href="http://shop.maus.jp/detail/id/00000082682"><img src="http://www.cospa.com/images/items/pc/182925.jpg" width="70" height="80" alt="キャラクターマウス オンラインショップ新着マウス画像" title="Maus キャラクター湯たんぽ マウス" class="img" /></a>
</div>
<div>
<a href="http://shop.maus.jp/detail/id/00000082577"><img src="http://www.cospa.com/images/items/pc/182963.jpg" width="70" height="80" alt="キャラクターマウス オンラインショップ新着マウス画像" title="Maus ニット帽 エレファント スキー" class="img" /></a>
</div>
<div>
<a href="http://shop.maus.jp/detail/id/00000082575"><img src="http://www.cospa.com/images/items/pc/182960.jpg" width="70" height="80" alt="キャラクターマウス オンラインショップ新着マウス画像" title="Maus ニット帽 エレファント ひるね" class="img" /></a>
</div>
<div>
<a href="http://shop.maus.jp/detail/id/00000082561"><img src="http://www.cospa.com/images/items/pc/182929.jpg" width="70" height="80" alt="キャラクターマウス オンラインショップ新着マウス画像" title="Maus ニット帽 エレファント トランペット" class="img" /></a>
</div>
<div>
<a href="http://shop.maus.jp/detail/id/00000081148"><img src="http://www.cospa.com/images/items/pc/177645.jpg" width="70" height="80" alt="キャラクターマウス オンラインショップ新着マウス画像" title="マウス(TM) アクリルストラップB" class="img" /></a>
</div>
<div>
<a href="http://shop.maus.jp/detail/id/00000081147"><img src="http://www.cospa.com/images/items/pc/177641.jpg" width="70" height="80" alt="キャラクターマウス オンラインショップ新着マウス画像" title="マウス(TM) アクリルストラップA" class="img" /></a>
</div>
<div>
<a href="http://shop.maus.jp/detail/id/00000081046"><img src="http://www.cospa.com/images/items/pc/177017.jpg" width="70" height="80" alt="キャラクターマウス オンラインショップ新着マウス画像" title="マウス(TM) アクリルキーホルダーB" class="img" /></a>
</div>
<div>
<a href="http://shop.maus.jp/detail/id/00000081048"><img src="http://www.cospa.com/images/items/pc/177020.jpg" width="70" height="80" alt="キャラクターマウス オンラインショップ新着マウス画像" title="マウス(TM) フルカラーマグカップ" class="img" /></a>
</div>
<div>
<a href="http://shop.maus.jp/detail/id/00000081043"><img src="http://www.cospa.com/images/items/pc/177010.jpg" width="70" height="80" alt="キャラクターマウス オンラインショップ新着マウス画像" title="マウス(TM) ラージトート" class="img" /></a>
</div>
<div>
<a href="http://shop.maus.jp/detail/id/00000081036"><img src="http://www.cospa.com/images/items/pc/177006.jpg" width="70" height="80" alt="キャラクターマウス オンラインショップ新着マウス画像" title="マウス(TM)とスクーターTシャツ" class="img" /></a>
</div>
<div>
<a href="http://shop.maus.jp/detail/id/00000078974"><img src="http://www.cospa.com/images/items/pc/170504.jpg" width="70" height="80" alt="キャラクターマウス オンラインショップ新着マウス画像" title="Maus 帽子 マウス サッカー（キッズ）（ドイツメーカー製）" class="img" /></a>
</div>
<div>
<a href="http://shop.maus.jp/detail/id/00000078971"><img src="http://www.cospa.com/images/items/pc/170481.jpg" width="70" height="80" alt="キャラクターマウス オンラインショップ新着マウス画像" title="Maus 帽子 マウス ウインク（キッズ）（ドイツメーカー製）" class="img" /></a>
</div>
<div>
<a href="http://shop.maus.jp/detail/id/00000078969"><img src="http://www.cospa.com/images/items/pc/170469.jpg" width="70" height="80" alt="キャラクターマウス オンラインショップ新着マウス画像" title="Maus 帽子 マウス プール（キッズ）（ドイツメーカー製）" class="img" /></a>
</div>
<div>
<a href="http://shop.maus.jp/detail/id/00000078966"><img src="http://www.cospa.com/images/items/pc/170454.jpg" width="70" height="80" alt="キャラクターマウス オンラインショップ新着マウス画像" title="Maus 帽子 エンテ ドーナッツ（キッズ）（ドイツメーカー製）" class="img" /></a>
</div>
<div>
<a href="http://shop.maus.jp/detail/id/00000078964"><img src="http://www.cospa.com/images/items/pc/170439.jpg" width="70" height="80" alt="キャラクターマウス オンラインショップ新着マウス画像" title="Maus 帽子 エレファント スマイル（キッズ）（ドイツメーカー製）" class="img" /></a>
</div>
<div>
<a href="http://shop.maus.jp/detail/id/00000021377"><img src="http://www.cospa.com/images/items/pc/33676.jpg" width="70" height="80" alt="キャラクターマウス オンラインショップ新着マウス画像" title="ぬいぐるみ マウス L （ドイツメーカー製）" class="img" /></a>
</div>
<div>
<a href="http://shop.maus.jp/detail/id/00000051862"><img src="http://www.cospa.com/images/items/pc/93263.jpg" width="70" height="80" alt="キャラクターマウス オンラインショップ新着マウス画像" title="Mausかぶりぐるみ" class="img" /></a>
</div>
<div>
<a href="http://shop.maus.jp/detail/id/00000050407"><img src="http://www.cospa.com/images/items/pc/89581.jpg" width="70" height="80" alt="キャラクターマウス オンラインショップ新着マウス画像" title="Mausぬいぐるみパスケース" class="img" /></a>
</div>

</div>

<!-- ピックアップ商品 -->
<div id="pickups" style="clear:both;">

<div id="newlineup">

<!--<h2><em>キャラクターの</em> マウス オンラインショップピックアップアイテム</h2>-->
<h3><img src="http://img03.shop-pro.jp/PA01002/103/etc/center_recommend.gif" width="595" height="39" border=0 alt="Recommend" style="clear:both;"></h3>
<div>
<a href="http://shop.maus.jp/detail/id/00000027056"><img src="http://www.cospa.com/images/items/pc/34387.jpg" width="70" height="80" title="マウスのメリークリスマス" alt="マウスキャラクターマウス オンラインショップ一押しキャラクターだいすき！マウス画像" class="img" /></a>
</div>
<div>
<a href="http://shop.maus.jp/detail/id/00000078966"><img src="http://www.cospa.com/images/items/pc/170454.jpg" width="70" height="80" title="Maus 帽子 エンテ ドーナッツ（キッズ）（ドイツメーカー製）" alt="マウスキャラクターマウス オンラインショップ一押しキャラクターだいすき！マウス画像" class="img" /></a>
</div>
<div>
<a href="http://shop.maus.jp/detail/id/00000021381"><img src="http://www.cospa.com/images/items/pc/33688.jpg" width="70" height="80" title="ぬいぐるみ エレファント ミニ （ドイツメーカー製）" alt="マウスキャラクターマウス オンラインショップ一押しキャラクターだいすき！マウス画像" class="img" /></a>
</div>
<div>
<a href="http://shop.maus.jp/detail/id/00000027060"><img src="http://www.cospa.com/images/items/pc/34396.jpg" width="70" height="80" title="めくってあそべるしかけ絵本 マウスとあそぼう" alt="マウスキャラクターマウス オンラインショップ一押しキャラクターだいすき！マウス画像" class="img" /></a>
</div>
<div>
<a href="http://shop.maus.jp/detail/id/00000050407"><img src="http://www.cospa.com/images/items/pc/89581.jpg" width="70" height="80" title="Mausぬいぐるみパスケース" alt="マウスキャラクターマウス オンラインショップ一押しキャラクターだいすき！マウス画像" class="img" /></a>
</div>
<div>
<a href="http://shop.maus.jp/detail/id/00000078969"><img src="http://www.cospa.com/images/items/pc/170469.jpg" width="70" height="80" title="Maus 帽子 マウス プール（キッズ）（ドイツメーカー製）" alt="マウスキャラクターマウス オンラインショップ一押しキャラクターだいすき！マウス画像" class="img" /></a>
</div>
<div>
<a href="http://shop.maus.jp/detail/id/00000081048"><img src="http://www.cospa.com/images/items/pc/177020.jpg" width="70" height="80" title="マウス(TM) フルカラーマグカップ" alt="マウスキャラクターマウス オンラインショップ一押しキャラクターだいすき！マウス画像" class="img" /></a>
</div>
<div>
<a href="http://shop.maus.jp/detail/id/00000082577"><img src="http://www.cospa.com/images/items/pc/182963.jpg" width="70" height="80" title="Maus ニット帽 エレファント スキー" alt="マウスキャラクターマウス オンラインショップ一押しキャラクターだいすき！マウス画像" class="img" /></a>
</div>
<div>
<a href="http://shop.maus.jp/detail/id/00000081147"><img src="http://www.cospa.com/images/items/pc/177641.jpg" width="70" height="80" title="マウス(TM) アクリルストラップA" alt="マウスキャラクターマウス オンラインショップ一押しキャラクターだいすき！マウス画像" class="img" /></a>
</div>
<div>
<a href="http://shop.maus.jp/detail/id/00000067081"><img src="http://www.cospa.com/images/items/pc/136459.jpg" width="70" height="80" title="マウス(TM)ジャガードタオル（バンド）" alt="マウスキャラクターマウス オンラインショップ一押しキャラクターだいすき！マウス画像" class="img" /></a>
</div>
<div>
<a href="http://shop.maus.jp/detail/id/00000078964"><img src="http://www.cospa.com/images/items/pc/170439.jpg" width="70" height="80" title="Maus 帽子 エレファント スマイル（キッズ）（ドイツメーカー製）" alt="マウスキャラクターマウス オンラインショップ一押しキャラクターだいすき！マウス画像" class="img" /></a>
</div>
<div>
<a href="http://shop.maus.jp/detail/id/00000067084"><img src="http://www.cospa.com/images/items/pc/136467.jpg" width="70" height="80" title="マウス(TM)ポケットティッシュカバー（ティータイム）" alt="マウスキャラクターマウス オンラインショップ一押しキャラクターだいすき！マウス画像" class="img" /></a>
</div>
<div>
<a href="http://shop.maus.jp/detail/id/00000027059"><img src="http://www.cospa.com/images/items/pc/34394.jpg" width="70" height="80" title="おはなしぬりえ Hallo! Maus" alt="マウスキャラクターマウス オンラインショップ一押しキャラクターだいすき！マウス画像" class="img" /></a>
</div>
<div>
<a href="http://shop.maus.jp/detail/id/00000021377"><img src="http://www.cospa.com/images/items/pc/33676.jpg" width="70" height="80" title="ぬいぐるみ マウス L （ドイツメーカー製）" alt="マウスキャラクターマウス オンラインショップ一押しキャラクターだいすき！マウス画像" class="img" /></a>
</div>
<div>
<a href="http://shop.maus.jp/detail/id/00000082561"><img src="http://www.cospa.com/images/items/pc/182929.jpg" width="70" height="80" title="Maus ニット帽 エレファント トランペット" alt="マウスキャラクターマウス オンラインショップ一押しキャラクターだいすき！マウス画像" class="img" /></a>
</div>
<div>
<a href="http://shop.maus.jp/detail/id/00000082575"><img src="http://www.cospa.com/images/items/pc/182960.jpg" width="70" height="80" title="Maus ニット帽 エレファント ひるね" alt="マウスキャラクターマウス オンラインショップ一押しキャラクターだいすき！マウス画像" class="img" /></a>
</div>
<div>
<a href="http://shop.maus.jp/detail/id/00000042890"><img src="http://www.cospa.com/images/items/pc/201810/ypujQZt4cpCO.jpg" width="70" height="80" title="Maus エレファントぬいぐるみキーホルダー" alt="マウスキャラクターマウス オンラインショップ一押しキャラクターだいすき！マウス画像" class="img" /></a>
</div>
<div>
<a href="http://shop.maus.jp/detail/id/00000081046"><img src="http://www.cospa.com/images/items/pc/177017.jpg" width="70" height="80" title="マウス(TM) アクリルキーホルダーB" alt="マウスキャラクターマウス オンラインショップ一押しキャラクターだいすき！マウス画像" class="img" /></a>
</div>
<div>
<a href="http://shop.maus.jp/detail/id/00000088981"><img src="http://www.cospa.com/images/items/pc/201810/OFhbjYcyG7sb.jpg" width="70" height="80" title="マウス(TM)とバイオリン Tシャツ" alt="マウスキャラクターマウス オンラインショップ一押しキャラクターだいすき！マウス画像" class="img" /></a>
</div>
<div>
<a href="http://shop.maus.jp/detail/id/00000043550"><img src="http://www.cospa.com/images/items/pc/70848.jpg" width="70" height="80" title="Maus ハンドミラー/Pink" alt="マウスキャラクターマウス オンラインショップ一押しキャラクターだいすき！マウス画像" class="img" /></a>
</div>
<div>
<a href="http://shop.maus.jp/detail/id/00000051862"><img src="http://www.cospa.com/images/items/pc/93263.jpg" width="70" height="80" title="Mausかぶりぐるみ" alt="マウスキャラクターマウス オンラインショップ一押しキャラクターだいすき！マウス画像" class="img" /></a>
</div>
<div>
<a href="http://shop.maus.jp/detail/id/00000078971"><img src="http://www.cospa.com/images/items/pc/170481.jpg" width="70" height="80" title="Maus 帽子 マウス ウインク（キッズ）（ドイツメーカー製）" alt="マウスキャラクターマウス オンラインショップ一押しキャラクターだいすき！マウス画像" class="img" /></a>
</div>
<div>
<a href="http://shop.maus.jp/detail/id/00000081036"><img src="http://www.cospa.com/images/items/pc/177006.jpg" width="70" height="80" title="マウス(TM)とスクーターTシャツ" alt="マウスキャラクターマウス オンラインショップ一押しキャラクターだいすき！マウス画像" class="img" /></a>
</div>
<div>
<a href="http://shop.maus.jp/detail/id/00000067083"><img src="http://www.cospa.com/images/items/pc/136463.jpg" width="70" height="80" title="マウス(TM)ポケットティッシュカバー（おすわり）" alt="マウスキャラクターマウス オンラインショップ一押しキャラクターだいすき！マウス画像" class="img" /></a>
</div>
<div>
<a href="http://shop.maus.jp/detail/id/00000082683"><img src="http://www.cospa.com/images/items/pc/182921.jpg" width="70" height="80" title="Maus キャラクター湯たんぽ エレファント" alt="マウスキャラクターマウス オンラインショップ一押しキャラクターだいすき！マウス画像" class="img" /></a>
</div>
<div>
<a href="http://shop.maus.jp/detail/id/00000067082"><img src="http://www.cospa.com/images/items/pc/136471.jpg" width="70" height="80" title="マウス(TM)ジャガードタオル（指揮者）" alt="マウスキャラクターマウス オンラインショップ一押しキャラクターだいすき！マウス画像" class="img" /></a>
</div>
<div>
<a href="http://shop.maus.jp/detail/id/00000082682"><img src="http://www.cospa.com/images/items/pc/182925.jpg" width="70" height="80" title="Maus キャラクター湯たんぽ マウス" alt="マウスキャラクターマウス オンラインショップ一押しキャラクターだいすき！マウス画像" class="img" /></a>
</div>
<div>
<a href="http://shop.maus.jp/detail/id/00000081148"><img src="http://www.cospa.com/images/items/pc/177645.jpg" width="70" height="80" title="マウス(TM) アクリルストラップB" alt="マウスキャラクターマウス オンラインショップ一押しキャラクターだいすき！マウス画像" class="img" /></a>
</div>
<div>
<a href="http://shop.maus.jp/detail/id/00000078974"><img src="http://www.cospa.com/images/items/pc/170504.jpg" width="70" height="80" title="Maus 帽子 マウス サッカー（キッズ）（ドイツメーカー製）" alt="マウスキャラクターマウス オンラインショップ一押しキャラクターだいすき！マウス画像" class="img" /></a>
</div>
<div>
<a href="http://shop.maus.jp/detail/id/00000021380"><img src="http://www.cospa.com/images/items/pc/33681.jpg" width="70" height="80" title="ぬいぐるみ マウス ミニ （ドイツメーカー製）" alt="マウスキャラクターマウス オンラインショップ一押しキャラクターだいすき！マウス画像" class="img" /></a>
</div>
<div>
<a href="http://shop.maus.jp/detail/id/00000081043"><img src="http://www.cospa.com/images/items/pc/177010.jpg" width="70" height="80" title="マウス(TM) ラージトート" alt="マウスキャラクターマウス オンラインショップ一押しキャラクターだいすき！マウス画像" class="img" /></a>
</div>
<div>
<a href="http://shop.maus.jp/detail/id/00000021378"><img src="http://www.cospa.com/images/items/pc/33685.jpg" width="70" height="80" title="ぬいぐるみ エレファント L  （ドイツメーカー製）" alt="マウスキャラクターマウス オンラインショップ一押しキャラクターだいすき！マウス画像" class="img" /></a>
</div>

</div>
<!-- //ピックアップ商品 -->


</div>

</div>
<!-- //contents_bottom -->
<ul class="go_homenavi clearfix">
<li class="left"><a href="http://shop.maus.jp">マウスキャラクターだいすき！マウスHOMEへ</a></li>
<li class="right"><a href="#container">ページの先頭へ</a></li>
</ul>
<div><img src="http://shop.maus.jp/pub/copyright.gif" border=0 alt="(C) I.Schmitt-Menzel / Friedrich Streich / WDR mediagroup 2013. Licenced by Copyrights Asia" style="margin:10px 0px;"></div>

</div>

</div>

<!-- end of contents body -->

<div id="footer">

<ul>
<li><a href="http://shop.maus.jp/staticdoc/p/company_index">特定商取引法に基づく表示</a></li>
<li><a href="http://shop.maus.jp/staticdoc/p/sitemap_index">サイトマップ</a></li>
<li><a href="http://shop.maus.jp/staticdoc/p/company_rules">ご利用規約</a></li>
<li><a href="http://shop.maus.jp/staticdoc/p/company_privacy">プライバシーポリシー</a></li>
</ul>
</div>

<div id="sid">
<form id="postform1" method="POST" action="http://www.geestore.com/__sid.php" target="ifr1"><input type="hidden"  name="__sid" value="gp8qsera6d9fgblsdc4u8uvq91" /></form>
<iframe name="ifr1"></iframe>
<script type="text/javascript">
document.getElementById("postform1").submit();
</script>
</div>

<script type="text/javascript">
var gaJsHost = (("https:" == document.location.protocol) ? "https://ssl." : "http://www.");
document.write(unescape("%3Cscript src='" + gaJsHost + "google-analytics.com/ga.js' type='text/javascript'%3E%3C/script%3E"));
</script>
<script type="text/javascript">
var pageTracker = _gat._getTracker("UA-1599821-4");
pageTracker._initData();
pageTracker._trackPageview();
</script>
</div>
</div>
<!-- end of container -->
</center>
</body>
</html>